{"cameraMode":{"drawMode":0,"name":"Shaded","section":"Shading Mode"},"sceneLighting":false,"audioPlay":false,"sceneViewState":{"showFog":false,"showMaterialUpdate":false,"showSkybox":false,"showFlares":false,"showImageEffects":false,"showParticleSystems":false},"in2DMode":false,"pivot":{"x":0.12999999523162843,"y":0.3700000047683716,"z":-5.949999809265137},"rotation":{"x":0.1770690530538559,"y":-0.5580883622169495,"z":0.1233353242278099,"w":0.8012325763702393},"size":1.4289418458938599,"orthographic":false}