{"cameraMode":{"drawMode":0,"name":"Shaded","section":"Shading Mode"},"sceneLighting":false,"audioPlay":false,"sceneViewState":{"showFog":false,"showMaterialUpdate":false,"showSkybox":false,"showFlares":false,"showImageEffects":false,"showParticleSystems":false},"in2DMode":false,"pivot":{"x":-3.1500000953674318,"y":1.440000057220459,"z":-7.380000114440918},"rotation":{"x":0.1770690530538559,"y":-0.5580883622169495,"z":0.1233353242278099,"w":0.8012325763702393},"size":4.041658401489258,"orthographic":false}