{"cameraMode":{"drawMode":0,"name":"Shaded","section":"Shading Mode"},"sceneLighting":true,"audioPlay":false,"sceneViewState":{"showFog":false,"showMaterialUpdate":false,"showSkybox":false,"showFlares":false,"showImageEffects":false,"showParticleSystems":false},"in2DMode":false,"pivot":{"x":1.1128474473953248,"y":2.624741792678833,"z":-1.0777660608291627},"rotation":{"x":0.2221222072839737,"y":-0.7775679230690002,"z":0.40332937240600588,"w":0.42822501063346865},"size":12.489889144897461,"orthographic":false}