{"cameraMode":{"drawMode":0,"name":"Shaded","section":"Shading Mode"},"sceneLighting":true,"audioPlay":false,"sceneViewState":{"showFog":false,"showMaterialUpdate":false,"showSkybox":false,"showFlares":false,"showImageEffects":false,"showParticleSystems":false},"in2DMode":false,"pivot":{"x":3.4922828674316408,"y":1.000258445739746,"z":-6.605398654937744},"rotation":{"x":0.1770690530538559,"y":-0.5580883622169495,"z":0.1233353242278099,"w":0.8012325763702393},"size":5.257884502410889,"orthographic":false}