{"cameraMode":{"drawMode":0,"name":"Shaded","section":"Shading Mode"},"sceneLighting":false,"audioPlay":false,"sceneViewState":{"showFog":false,"showMaterialUpdate":false,"showSkybox":false,"showFlares":false,"showImageEffects":false,"showParticleSystems":false},"in2DMode":false,"pivot":{"x":-1.9363727569580079,"y":1.2300000190734864,"z":-9.88129711151123},"rotation":{"x":0.13067562878131867,"y":-0.8566151261329651,"z":0.4233427941799164,"w":0.2644176185131073},"size":2.8578836917877199,"orthographic":false}